{
  "Ti": [-1.0471975511965976, -0.2617993877991494, 0, 0.2617993877991494, 1.5707963267948966],
  "ai": [1.2, -5.0, 30.0, -7.5, 0.75],
  "bi": [0.25, 0.1, 0.1, 0.1, 0.4]
}
